{
  "blocking_errors": [],
  "generated_at": "2026-05-07T02:21:50Z",
  "metrics": {
    "candidate_metrics": {
      "hist_gradient_boosting": {
        "test_auc": 0.8884461663264818,
        "test_brier_score": 0.13611430434819152,
        "test_log_loss": 0.4183904032361729,
        "validation_auc": 0.8888226751997917,
        "validation_brier_score": 0.13577768587729072,
        "validation_log_loss": 0.41812453020525003
      },
      "logistic_regression": {
        "test_auc": 0.8440267336798079,
        "test_brier_score": 0.16164256119323314,
        "test_log_loss": 0.4899967750417934,
        "validation_auc": 0.8429712133020645,
        "validation_brier_score": 0.16227307742221914,
        "validation_log_loss": 0.49175142844258896
      }
    },
    "feature_count": 46,
    "selected_model_type": "hist_gradient_boosting",
    "target_column": "label_player_a_wins_game",
    "version": "v1"
  },
  "model_type": "outcome_game",
  "quality_gates": {
    "test_auc_min": 0.55,
    "test_brier_max": 0.3,
    "validation_auc_min": 0.55,
    "validation_brier_max": 0.3
  },
  "schema_version": "outcome_model_eval_report_v1",
  "status": "PASSED",
  "warnings": []
}
